activity_code	region	state	ESOffice	title	lead_agency	FY	FY_start	FY_concl	start_date	date_formal_consult	due_date	FWS_concl_date	elapsed	date_active_concl	timely_concl	hours_logged	events_logged	formal_consult	consult_type	consult_complex	work_type	work_category	ARRA	datum	lat_dec_deg	long_dec_deg	lat_deg	lat_min	lat_sec	long_deg	long_min	long_sec	UTM_E	UTM_N	UTM_zone	spp_ev_ls	spp_BO_ls	n_spp_eval	n_spp_BO	n_nofx	n_NLAA	n_conc	n_jeop	n_rpa	n_admo	n_tech	staff_lead_hash	staff_support_hash
01EIFW00-2012-I-0430-R001	1	ID	IDAHO FISH AND WILDLIFE OFFICE	IFWO-Golden Meadows Exploration Project Plan of Operations	Forest Service	2012	2015	2016	2015-07-20	NA	2015-11-17	2015-11-05	108	2015-11-05	Yes	No	No	No	Informal Consultation	Standard	Mining - Subsurface Pre-recovery Exploration - Non Energy Minerals / Materials	mining	No ARRA funding	NAD83	44.9264	-115.3214	NA	NA	NA	NA	NA	NA	NA	NA	NA	Bull Trout (Salvelinus confluentus); Canada Lynx (Lynx canadensis)	 	2	0	0	0	NA	0	0	0	0	a0e930e67e9bea3105f8b67fac0f982b	None
01EIFW00-2013-F-0333-R001	1	ID	IDAHO FISH AND WILDLIFE OFFICE	IFWO Golden Hand Mine	Forest Service	2013	2015	2015	2015-04-20	NA	2015-09-02	2015-07-01	NA	2015-07-01	Yes	No	No	Yes	Formal Consultation	Standard	Mining - Surface Pre-recovery Exploration - Non Energy Minerals / Materials	mining	No ARRA funding	WGS84	45.2183	-115.3177	NA	NA	NA	NA	NA	NA	NA	NA	NA	Bull Trout (Salvelinus confluentus); Canada Lynx (Lynx canadensis); North American wolverine (Gulo gulo luscus)	Bull Trout (Salvelinus confluentus): BO = Non-jeopardy; CH = No Adverse Modification| Canada Lynx (Lynx canadensis): BO = Not Required - See Event Description; CH = NA| North American wolverine (Gulo gulo luscus): BO = Not Required - See Event Description; CH = NA	3	3	0	0	NA	0	0	0	2	a0e930e67e9bea3105f8b67fac0f982b	None
01EIFW00-2014-F-0233	1	ID	IDAHO FISH AND WILDLIFE OFFICE	IFWO Idaho Water Quality Standards for Toxic Pollutants	Environmental Protection Agency	2014	2014	2015	2013-11-25	2013-11-25	2015-07-02	2015-06-26	578	2015-06-26	Yes	No	No	Yes	Formal Consultation	Standard	** OTHER **	** other **	No ARRA funding	WGS84	43.6187	-116.2146	NA	NA	NA	NA	NA	NA	NA	NA	NA	Banbury Springs limpet (Lanx sp.); Bliss Rapids snail (Taylorconcha serpenticola); Bruneau Hot springsnail (Pyrgulopsis bruneauensis); Bull Trout (Salvelinus confluentus); Canada Lynx (Lynx canadensis); Grizzly bear (Ursus arctos horribilis); MacFarlane's four-o'clock (Mirabilis macfarlanei); Northern Idaho Ground Squirrel (Urocitellus brunneus); Slickspot peppergrass (Lepidium papilliferum); Snake River physa snail (Physa natricina); Spalding's Catchfly (Silene spaldingii); Ute ladies'-tresses (Spiranthes diluvialis); Water howellia (Howellia aquatilis); White sturgeon (Acipenser transmontanus); Woodland caribou (Rangifer tarandus caribou)	Banbury Springs limpet (Lanx sp.): BO = Jeopardy with RPA; CH = NA| Bliss Rapids snail (Taylorconcha serpenticola): BO = Jeopardy with RPA; CH = NA| Bruneau Hot springsnail (Pyrgulopsis bruneauensis): BO = Jeopardy with RPA; CH = NA| Bull Trout (Salvelinus confluentus): BO = Jeopardy with RPA; CH = Adverse Modification| Canada Lynx (Lynx canadensis): BO = NLAA - Concurrence Provided; CH = NA| Grizzly bear (Ursus arctos horribilis): BO = NLAA - Concurrence Provided; CH = NA| MacFarlane's four-o'clock (Mirabilis macfarlanei): BO = NLAA - Concurrence Provided; CH = NA| Northern Idaho Ground Squirrel (Urocitellus brunneus): BO = NLAA - Concurrence Provided; CH = NA| Slickspot peppergrass (Lepidium papilliferum): BO = NLAA - Concurrence Provided; CH = NA| Snake River physa snail (Physa natricina): BO = Jeopardy with RPA; CH = NA| Spalding's Catchfly (Silene spaldingii): BO = NLAA - Concurrence Provided; CH = NA| Ute ladies'-tresses (Spiranthes diluvialis): BO = NLAA - Concurrence Provided; CH = NA| Water howellia (Howellia aquatilis): BO = NLAA - Concurrence Provided; CH = NA| White sturgeon (Acipenser transmontanus): BO = Jeopardy with RPA; CH = Adverse Modification| Woodland caribou (Rangifer tarandus caribou): BO = NLAA - Concurrence Provided; CH = NA	15	15	0	9	NA	6	6	2	0	734ee70f48d60c22e8c5a5598c53cf5c	178a3be7af188683f76b9d52b3f3b51f; 19b0cac62e7b55ed3c8da322d9e1697b; 2d7a0d6ca6c9d23f1cb7e681ff9a9587
01EIFW00-2015-F-0111	1	ID	IDAHO FISH AND WILDLIFE OFFICE	Minidoka Dam Spillway Replacement Change in Operations	Bureau of Reclamation	2015	2015	2015	2014-11-12	2014-11-12	2015-05-08	2015-05-08	177	2015-05-08	Yes	No	No	Yes	Formal Consultation	Standard	Dam - Maintenance / Modification / Replacement / Upgrade - Federal	dam	No ARRA funding	NAD83	42.664341	-113.487648	NA	NA	NA	NA	NA	NA	NA	NA	NA	Snake River physa snail (Physa natricina)	 	1	0	0	0	NA	0	0	0	0	976b1a318abf7867981a11e3a5ca29e3	19b0cac62e7b55ed3c8da322d9e1697b; b38a49a459851196858e3777370dffcf; af54666012eb70d5300cdd7dc3049f44; 2d7a0d6ca6c9d23f1cb7e681ff9a9587; 5a7395c8c1112563da93866301daf17f; 186d149d82ef4214508806d9ff083f90
01EIFW00-2015-F-0381	1	ID	IDAHO FISH AND WILDLIFE OFFICE	Bayha Island Research Project - Thermistor and Water Level Logger Installation	Fish and Wildlife Service	2015	NA	NA	2015-03-30	NA	2015-08-12	2015-05-15	NA	2015-05-15	NA	NA	NA	NA	NA	NA	NA	NA	No ARRA funding	WGS84	43.369791	-116.62628	NA	NA	NA	NA	NA	NA	NA	NA	NA	Physa natricina (Snake River physa snail)	 	1	0	0	0	NA	0	0	0	0	80220a7ed31d478b3ff90bb0d3d246c0	2d7a0d6ca6c9d23f1cb7e681ff9a9587; 976b1a318abf7867981a11e3a5ca29e3
01EIFW00-2015-F-0382	1	ID	IDAHO FISH AND WILDLIFE OFFICE	IFWO Little Salmon River Bridge Replacement Project, Highway 95	Federal Highway Administration	2015	2015	2015	2015-03-30	2015-03-30	2015-08-12	2015-08-05	128	2015-08-05	Yes	No	No	Yes	Formal Consultation	Standard	Bridge - Maintenance / Modification / Replacement / Upgrade - Federal	bridge	No ARRA funding	NAD83	45.1729	-116.3001	NA	NA	NA	NA	NA	NA	NA	NA	NA	Bull Trout (Salvelinus confluentus)	 	1	0	0	0	NA	0	0	0	0	a0e930e67e9bea3105f8b67fac0f982b	None
01EIFW00-2015-F-0387	1	ID	IDAHO FISH AND WILDLIFE OFFICE	NIFO- Crooked River Valley Rehabilitation Project_USACE permit	Army Corps of Engineers	2015	2015	2015	2015-03-23	2015-03-23	2015-08-05	2015-04-13	21	2015-04-13	Yes	No	No	Yes	Formal Consultation	Standard	Stream Restoration / Enhancement	stream restoration / enhancement	No ARRA funding	WGS84	45.825416	-115.528165	NA	NA	NA	NA	NA	NA	NA	NA	NA	Bull Trout (Salvelinus confluentus)	 	1	0	0	0	NA	0	0	0	0	3c5f4f425954bde26f95acfb65d3aff6	413998b0a50950c9fff6054142669db4
01EIFW00-2015-F-0435	1	ID	IDAHO FISH AND WILDLIFE OFFICE	NIFO-Hellroaring Project	Forest Service	2015	2015	2015	2015-03-09	2015-03-09	2015-07-22	2015-04-30	52	2015-04-30	Yes	No	No	Yes	Formal Consultation	Standard	Forestry - Timber Sale	forestry	No ARRA funding	WGS84	48.891381	-116.199075	NA	NA	NA	NA	NA	NA	NA	NA	NA	Canada Lynx (Lynx canadensis); Grizzly bear (Ursus arctos horribilis)	 	2	0	0	0	NA	0	0	0	0	3c5f4f425954bde26f95acfb65d3aff6	None
01EIFW00-2015-F-0454	1	ID	IDAHO FISH AND WILDLIFE OFFICE	NIFO - Upper Grouse Creek Large Wood Replenishment Project	Fish and Wildlife Service	2015	2015	2015	2015-04-14	2015-04-27	2015-09-09	2015-06-01	35	2015-06-01	Yes	No	No	Yes	Formal Consultation	Standard	Stream / Waterbody - Modification - Restoration / Enhancement	stream / waterbody	No ARRA funding	WGS84	48.455323	-116.289669	NA	NA	NA	NA	NA	NA	NA	NA	NA	Bull Trout (Salvelinus confluentus); Grizzly bear (Ursus arctos horribilis)	 	2	0	0	0	NA	0	0	0	0	153f483b8a35dc70c622476a91806693	3c5f4f425954bde26f95acfb65d3aff6
01EIFW00-2015-F-0457	1	ID	IDAHO FISH AND WILDLIFE OFFICE	Upper Malad Turbine Replacement	Federal Energy Regulatory Commission	2015	2015	2016	2015-08-24	2015-08-24	2016-01-06	2015-12-21	119	2015-12-21	Yes	No	Yes	Yes	Formal Consultation	Standard	Power Generation - Hydropower - Other - FERC	power generation	No ARRA funding	NAD83	42.864528	-114.884938	NA	NA	NA	NA	NA	NA	NA	NA	NA	Bliss Rapids snail (Taylorconcha serpenticola)	Bliss Rapids snail (Taylorconcha serpenticola): BO = Non-jeopardy; CH = Not Yet Determined	1	1	0	0	NA	0	0	0	0	976b1a318abf7867981a11e3a5ca29e3	19b0cac62e7b55ed3c8da322d9e1697b; 04ed4484db34b0a1e52771c33897bd26; af54666012eb70d5300cdd7dc3049f44; 5a7395c8c1112563da93866301daf17f; 976b1a318abf7867981a11e3a5ca29e3
01EIFW00-2015-F-0539	1	ID	IDAHO FISH AND WILDLIFE OFFICE	Bayha Island Research Project	Fish and Wildlife Service	2015	2015	2016	2015-06-08	2015-06-08	2015-10-21	2015-10-20	134	2015-10-20	Yes	No	Yes	Yes	Formal Consultation	Standard	Stream / Waterbody - Modification - Channelization - New Construction	stream / waterbody	No ARRA funding	NAD83	43.370304	-116.627374	NA	NA	NA	NA	NA	NA	NA	NA	NA	Greater sage-grouse (Centrocercus urophasianus); Snake River physa snail (Physa natricina); Yellow-billed Cuckoo (Coccyzus americanus)	 	3	0	0	0	NA	0	0	0	0	976b1a318abf7867981a11e3a5ca29e3	19b0cac62e7b55ed3c8da322d9e1697b; 80220a7ed31d478b3ff90bb0d3d246c0; af54666012eb70d5300cdd7dc3049f44; 5a7395c8c1112563da93866301daf17f; 186d149d82ef4214508806d9ff083f90
01EIFW00-2015-F-0545	1	ID	IDAHO FISH AND WILDLIFE OFFICE	IFWO Jarbidge Resource Management Plan	Bureau of Land Management	2015	2015	2015	2015-05-28	2015-05-28	2015-07-29	2015-07-28	61	2015-07-28	Yes	No	No	Yes	Formal Consultation	Programmatic Program-Level	Land Management Plans - Upland	land management plans	No ARRA funding	WGS84	42.5833	-114.4667	NA	NA	NA	NA	NA	NA	NA	NA	NA	Bliss Rapids snail (Taylorconcha serpenticola); Bruneau Hot springsnail (Pyrgulopsis bruneauensis); Bull Trout (Salvelinus confluentus); Slickspot peppergrass (Lepidium papilliferum); Snake River physa snail (Physa natricina); Yellow-billed Cuckoo (Coccyzus americanus)	Bliss Rapids snail (Taylorconcha serpenticola): BO = Non-jeopardy; CH = NA| Bruneau Hot springsnail (Pyrgulopsis bruneauensis): BO = Non-jeopardy; CH = NA| Bull Trout (Salvelinus confluentus): BO = Non-jeopardy; CH = No Adverse Modification| Slickspot peppergrass (Lepidium papilliferum): BO = Non-jeopardy; CH = No Adverse Modification| Snake River physa snail (Physa natricina): BO = Non-jeopardy; CH = NA| Yellow-billed Cuckoo (Coccyzus americanus): BO = NLAA - Concurrence Provided; CH = NA	6	6	0	1	NA	0	0	0	0	aaf8ff8ed681ee6c193732b0fcbe3b64	None
01EIFW00-2015-F-0682	1	ID	IDAHO FISH AND WILDLIFE OFFICE	Williams Creek (Shoup) Bridge Replacement Project	Federal Highway Administration	2015	2015	2016	2015-05-26	2015-12-09	2016-04-22	2016-02-04	57	2016-02-04	Yes	No	No	Yes	Formal Consultation	Standard	Bridge - Maintenance / Modification / Replacement / Upgrade - Federal	bridge	No ARRA funding	WGS84	45.098396	-113.894323	NA	NA	NA	NA	NA	NA	NA	NA	NA	Bull Trout (Salvelinus confluentus)	 	1	0	0	0	NA	0	0	0	0	ea234f71cef94ad9366cc636bab56728	c230f4155d9d3b4e39fd8af48f91f735
01EIFW00-2015-I-0232	1	ID	IDAHO FISH AND WILDLIFE OFFICE	EIFO 15 - SCNF Upper Yankee Fork Fuels Reduction Project	Forest Service	2015	2015	2015	2015-04-06	NA	2015-05-06	2015-05-04	28	2015-05-04	Yes	No	No	No	Informal Consultation	Standard	Vegetation Management - Fire - Forest	vegetation management	No ARRA funding	NAD83	44.529393	-114.640104	NA	NA	NA	NA	NA	NA	NA	NA	NA	Bull Trout (Salvelinus confluentus)	 	1	0	0	0	NA	0	0	0	0	352440bdd6df0cb8bc0af71b280a76c2	None
01EIFW00-2015-I-0269	1	ID	IDAHO FISH AND WILDLIFE OFFICE	NIFO-Higgins Point Boat Launch Bank Stabilization Riprap Project	Army Corps of Engineers	2015	2016	2016	2015-11-23	NA	2015-12-23	2015-12-08	15	2015-12-08	Yes	No	Yes	No	Informal Consultation	Standard	Stream / Waterbody - Modification - Bank Stabilization / Armoring	stream / waterbody	No ARRA funding	WGS84	47.630397	-116.693375	NA	NA	NA	NA	NA	NA	NA	NA	NA	Bull Trout (Salvelinus confluentus)	 	1	0	0	0	NA	0	0	0	0	5ca9743a5ea7f77a345a59f5427d56ba	3c5f4f425954bde26f95acfb65d3aff6
01EIFW00-2015-I-0366	1	ID	IDAHO FISH AND WILDLIFE OFFICE	NIFO-Lake Pend Oreille Flowering Rush Treatments	Army Corps of Engineers	2015	2015	2015	2015-03-13	NA	2015-04-12	2015-04-06	24	2015-04-06	Yes	No	No	No	Informal Consultation	Standard	Invasive Plant Control	invasive plant control	No ARRA funding	WGS84	48.299245	-116.418752	NA	NA	NA	NA	NA	NA	NA	NA	NA	Bull Trout (Salvelinus confluentus)	 	1	0	0	0	NA	0	0	0	0	dc1f7bd1bf654d765a21d348edd8436d	None
01EIFW00-2015-I-0384	1	ID	IDAHO FISH AND WILDLIFE OFFICE	NIFO-Cunningham bank stabilization	Army Corps of Engineers	2015	2015	2015	2015-03-24	NA	2015-04-23	2015-04-08	15	2015-04-08	Yes	No	No	No	Informal Consultation	Standard	Stream / Waterbody - Modification - Bank Stabilization / Armoring	stream / waterbody	No ARRA funding	WGS84	48.385934	-116.46483	NA	NA	NA	NA	NA	NA	NA	NA	NA	Bull Trout (Salvelinus confluentus)	 	1	0	0	0	NA	0	0	0	0	dc1f7bd1bf654d765a21d348edd8436d	None
01EIFW00-2015-I-0390	1	ID	IDAHO FISH AND WILDLIFE OFFICE	NIFO-IPNF Pocket Gopher Control Project	Forest Service	2015	2015	2015	2015-04-06	NA	2015-05-06	2015-04-07	1	2015-04-07	Yes	No	No	No	Informal Consultation	Standard	Animal Control	animal control	No ARRA funding	WGS84	47.760891	-116.581066	NA	NA	NA	NA	NA	NA	NA	NA	NA	Grizzly bear (Ursus arctos horribilis)	 	1	0	0	0	NA	0	0	0	0	3c5f4f425954bde26f95acfb65d3aff6	None
01EIFW00-2015-I-0406	1	ID	IDAHO FISH AND WILDLIFE OFFICE	NIFO-Bonner County Road and Bridge Bank Stabilization	Army Corps of Engineers	2015	2015	2015	2015-03-25	NA	2015-04-24	2015-04-13	19	2015-04-13	Yes	No	No	No	Informal Consultation	Standard	Stream / Waterbody - Modification - Bank Stabilization / Armoring	stream / waterbody	No ARRA funding	WGS84	48.1027	-116.543	NA	NA	NA	NA	NA	NA	NA	NA	NA	Bull Trout (Salvelinus confluentus)	 	1	0	0	0	NA	0	0	0	0	dc1f7bd1bf654d765a21d348edd8436d	None
01EIFW00-2015-I-0407	1	ID	IDAHO FISH AND WILDLIFE OFFICE	NIFO-Frank Bank Stabilization Project	Army Corps of Engineers	2015	2015	2015	2015-04-09	NA	2015-05-09	2015-04-13	4	2015-04-13	Yes	No	No	No	Informal Consultation	Standard	Stream / Waterbody - Modification - Bank Stabilization / Armoring	stream / waterbody	No ARRA funding	WGS84	48.112209	-116.535245	NA	NA	NA	NA	NA	NA	NA	NA	NA	Bull Trout (Salvelinus confluentus)	 	1	0	0	0	NA	0	0	0	0	dc1f7bd1bf654d765a21d348edd8436d	None
01EIFW00-2015-I-0416	1	ID	IDAHO FISH AND WILDLIFE OFFICE	Residential Lot Development 17A in Stanley Sawtooth Estates (Hosac Company)	Army Corps of Engineers	2015	2015	2015	2015-03-10	NA	2015-04-09	2015-04-20	41	2015-04-20	No	No	No	No	Informal Consultation	Standard	Agriculture - Grazing - Ongoing Activities - Sheep	agriculture	No ARRA funding	WGS84	44.224435	-114.945032	NA	NA	NA	NA	NA	NA	NA	NA	NA	Bull Trout (Salvelinus confluentus)	Bull Trout (Salvelinus confluentus): BO = NLAA - Concurrence Provided; CH = NA	1	1	0	1	NA	0	0	0	0	c230f4155d9d3b4e39fd8af48f91f735	5a7395c8c1112563da93866301daf17f
01EIFW00-2015-I-0432	1	ID	IDAHO FISH AND WILDLIFE OFFICE	Rivers Point Property Owners Association Bridge Repair	Army Corps of Engineers	2015	2015	2015	2015-01-20	NA	2015-02-19	2015-04-22	92	2015-04-22	No	No	No	No	Informal Consultation	Standard	Bridge - Maintenance / Modification / Replacement / Upgrade - Non Federal	bridge	No ARRA funding	WGS84	44.0618	-115.5943	NA	NA	NA	NA	NA	NA	NA	NA	NA	Bull Trout (Salvelinus confluentus)	Bull Trout (Salvelinus confluentus): BO = NLAA - Concurrence Provided; CH = NLAA - Concurrence Provided	1	1	0	1	NA	0	0	0	0	80220a7ed31d478b3ff90bb0d3d246c0	80220a7ed31d478b3ff90bb0d3d246c0
01EIFW00-2015-I-0441	1	ID	IDAHO FISH AND WILDLIFE OFFICE	NIFO - Whitecap Creek Trail Bridge Removal Project	Forest Service	2015	2015	2015	2015-04-13	NA	2015-05-13	2015-04-27	14	2015-04-27	Yes	No	No	No	Informal Consultation	Standard	Stream / Waterbody - Modification - Restoration / Enhancement	stream / waterbody	No ARRA funding	NAD83	45.88793	-114.61031	NA	NA	NA	NA	NA	NA	NA	NA	NA	Bull Trout (Salvelinus confluentus)	 	1	0	0	0	NA	0	0	0	0	153f483b8a35dc70c622476a91806693	3c5f4f425954bde26f95acfb65d3aff6
01EIFW00-2015-I-0455	1	ID	IDAHO FISH AND WILDLIFE OFFICE	Warren Placer Exploration Project	Forest Service	2015	2015	2015	2015-04-20	NA	2015-05-20	2015-05-06	16	2015-05-06	Yes	No	No	No	Informal Consultation	Standard	Mining - Surface Pre-recovery Exploration - Non Energy Minerals / Materials	mining	No ARRA funding	NAD83	45.2908	-115.7067	NA	NA	NA	NA	NA	NA	NA	NA	NA	Bull Trout (Salvelinus confluentus)	Bull Trout (Salvelinus confluentus): BO = NLAA - Concurrence Provided; CH = NLAA - Concurrence Provided	1	1	0	1	NA	0	0	0	0	a0e930e67e9bea3105f8b67fac0f982b	None
01EIFW00-2015-I-0456	1	ID	IDAHO FISH AND WILDLIFE OFFICE	NIFO- Northside Powell Vegetation Project	Forest Service	2015	2015	2015	2015-06-24	NA	2015-07-24	2015-07-16	22	2015-07-16	Yes	No	No	No	Informal Consultation	Standard	Forestry - Harvest	forestry	No ARRA funding	WGS84	46.54	-114.82	NA	NA	NA	NA	NA	NA	NA	NA	NA	Bull Trout (Salvelinus confluentus)	 	1	0	0	0	NA	0	0	0	0	ea234f71cef94ad9366cc636bab56728	None
01EIFW00-2015-I-0473	1	ID	IDAHO FISH AND WILDLIFE OFFICE	EIFO 15 - SCNF Brush Creek Diversion Pipeline Replacement	Forest Service	2015	2015	2015	2015-04-13	NA	2015-05-13	2015-05-11	28	2015-05-11	Yes	No	No	No	Informal Consultation	Standard	Water Supply Pipeline	water supply pipeline	No ARRA funding	NAD83	44.955818	-114.735155	NA	NA	NA	NA	NA	NA	NA	NA	NA	Bull Trout (Salvelinus confluentus)	 	1	0	0	0	NA	0	0	0	0	352440bdd6df0cb8bc0af71b280a76c2	None
01EIFW00-2015-I-0479	1	ID	IDAHO FISH AND WILDLIFE OFFICE	NIFO - Schlajalqw Project	Bureau of Indian Affairs	2015	2015	2015	2015-05-07	NA	2015-06-06	2015-06-08	32	2015-06-08	No	No	No	No	Informal Consultation	Standard	Forestry - Timber Sale	forestry	No ARRA funding	NAD83	47.126333	-116.86229	NA	NA	NA	NA	NA	NA	NA	NA	NA	Water howellia (Howellia aquatilis)	 	1	0	0	0	NA	0	0	0	0	75a5429a0305f61d7a38dd8e630b01e0	3c5f4f425954bde26f95acfb65d3aff6
01EIFW00-2015-I-0480	1	ID	IDAHO FISH AND WILDLIFE OFFICE	IFWO Warm Springs Placer Recreational Panning Operation	Forest Service	2015	2015	2015	2015-05-04	NA	2015-06-03	2015-05-06	2	2015-05-06	Yes	No	No	No	Informal Consultation	Standard	Mining - Surface Pre-recovery Exploration - Non Energy Minerals / Materials	mining	No ARRA funding	NAD83	44.2537	-114.6034	NA	NA	NA	NA	NA	NA	NA	NA	NA	Bull Trout (Salvelinus confluentus)	Bull Trout (Salvelinus confluentus): BO = NLAA - Concurrence Provided; CH = NLAA - Concurrence Provided	1	1	0	1	NA	0	0	0	0	c230f4155d9d3b4e39fd8af48f91f735	5a7395c8c1112563da93866301daf17f
01EIFW00-2015-I-0488	1	ID	IDAHO FISH AND WILDLIFE OFFICE	EIFO 15 - SCNF Hughes Creek Placer Minerals Exploration	Forest Service	2015	2015	2015	2015-04-20	NA	2015-05-20	2015-05-20	30	2015-05-20	Yes	No	No	No	Informal Consultation	Standard	Mining - Surface Pre-recovery Exploration - Non Energy Minerals / Materials	mining	No ARRA funding	NAD83	45.518384	-114.028049	NA	NA	NA	NA	NA	NA	NA	NA	NA	Bull Trout (Salvelinus confluentus)	 	1	0	0	0	NA	0	0	0	0	352440bdd6df0cb8bc0af71b280a76c2	None
01EIFW00-2015-I-0498	1	ID	IDAHO FISH AND WILDLIFE OFFICE	NIFO - Treasured Landscapes	Forest Service	2015	2015	2015	2015-05-12	NA	2015-06-11	2015-05-22	10	2015-05-22	Yes	No	No	No	Informal Consultation	Standard	Bridge - Maintenance / Modification / Replacement / Upgrade - Federal	bridge	No ARRA funding	NAD83	48.295174	-116.149107	NA	NA	NA	NA	NA	NA	NA	NA	NA	Bull Trout (Salvelinus confluentus); Canada Lynx (Lynx canadensis); Grizzly bear (Ursus arctos horribilis)	Bull Trout (Salvelinus confluentus): BO = Non-jeopardy; CH = Non-jeopardy| Canada Lynx (Lynx canadensis): BO = NLAA - Concurrence Provided; CH = NA| Grizzly bear (Ursus arctos horribilis): BO = NLAA - Concurrence Provided; CH = NA	3	3	0	2	NA	0	0	0	0	75a5429a0305f61d7a38dd8e630b01e0	None
01EIFW00-2015-I-0500	1	ID	IDAHO FISH AND WILDLIFE OFFICE	EIFO -  CTNF Trumpeter Swan Habitat Improvement	Forest Service	2015	2015	2015	2015-05-15	NA	2015-06-14	2015-05-27	12	2015-05-27	Yes	No	No	No	Informal Consultation	Standard	LAND - FLOODING	land	No ARRA funding	NAD83	44.229056	-111.276444	NA	NA	NA	NA	NA	NA	NA	NA	NA	Grizzly bear (Ursus arctos horribilis)	 	1	0	0	0	NA	0	0	0	0	4c8b15e0103931a435d9e4b2bde57d2f	352440bdd6df0cb8bc0af71b280a76c2
01EIFW00-2015-I-0502	1	ID	IDAHO FISH AND WILDLIFE OFFICE	IFWO - Idaho/Southwestern Montana Greater Sage-grouse LUP Amendment	Bureau of Land Management	2015	2015	2015	2015-05-12	NA	2015-06-11	2015-06-11	30	2015-06-11	Yes	No	No	No	Informal Consultation	Programmatic Program-Level	Land Management Plans - Upland	land management plans	No ARRA funding	WGS84	43.6188	-116.215	NA	NA	NA	NA	NA	NA	NA	NA	NA	Banbury Springs limpet (Lanx sp.); Bliss Rapids snail (Taylorconcha serpenticola); Bruneau Hot springsnail (Pyrgulopsis bruneauensis); Bull Trout (Salvelinus confluentus); Canada Lynx (Lynx canadensis); Greater sage-grouse (Centrocercus urophasianus); Grizzly bear (Ursus arctos horribilis); Northern Idaho Ground Squirrel (Urocitellus brunneus); Slickspot peppergrass (Lepidium papilliferum); Snake River physa snail (Physa natricina); Ute ladies'-tresses (Spiranthes diluvialis); Yellow-billed Cuckoo (Coccyzus americanus)	Banbury Springs limpet (Lanx sp.): BO = No Effect - No Concurrence Required; CH = NA| Bliss Rapids snail (Taylorconcha serpenticola): BO = No Effect - No Concurrence Required; CH = NA| Bruneau Hot springsnail (Pyrgulopsis bruneauensis): BO = No Effect - No Concurrence Required; CH = NA| Bull Trout (Salvelinus confluentus): BO = No Effect - No Concurrence Required; CH = No Effect - No Concurrence Required| Canada Lynx (Lynx canadensis): BO = No Effect - No Concurrence Required; CH = No Effect - No Concurrence Required| Greater sage-grouse (Centrocercus urophasianus): BO = Not Required - See Event Description; CH = NA| Grizzly bear (Ursus arctos horribilis): BO = NLAA - Concurrence Provided; CH = NA| Northern Idaho Ground Squirrel (Urocitellus brunneus): BO = No Effect - No Concurrence Required; CH = NA| Slickspot peppergrass (Lepidium papilliferum): BO = NLAA - Concurrence Provided; CH = NLAA - Concurrence Provided| Snake River physa snail (Physa natricina): BO = No Effect - No Concurrence Required; CH = NA| Ute ladies'-tresses (Spiranthes diluvialis): BO = NLAA - Concurrence Provided; CH = NA| Yellow-billed Cuckoo (Coccyzus americanus): BO = No Effect - No Concurrence Required; CH = NLAA - Concurrence Provided	12	12	8	3	NA	0	0	0	1	aaf8ff8ed681ee6c193732b0fcbe3b64	4c8b15e0103931a435d9e4b2bde57d2f
01EIFW00-2015-I-0520	1	ID	IDAHO FISH AND WILDLIFE OFFICE	IFWO Redfish 210 Fuels Reduction Project	Forest Service	2015	2015	2015	2015-05-27	NA	2015-06-26	2015-06-01	5	2015-06-01	Yes	No	No	No	Informal Consultation	Standard	Vegetation Management - Fire - Forest	vegetation management	No ARRA funding	NAD83	44.1238	-114.9242	NA	NA	NA	NA	NA	NA	NA	NA	NA	Bull Trout (Salvelinus confluentus); Canada Lynx (Lynx canadensis)	Bull Trout (Salvelinus confluentus): BO = NLAA - Concurrence Provided; CH = NLAA - Concurrence Provided| Canada Lynx (Lynx canadensis): BO = NLAA - Concurrence Provided; CH = NA	2	2	0	2	NA	0	0	0	0	c230f4155d9d3b4e39fd8af48f91f735	5a7395c8c1112563da93866301daf17f
01EIFW00-2015-I-0531	1	ID	IDAHO FISH AND WILDLIFE OFFICE	NIFO-Smith Dock Installation	Army Corps of Engineers	2015	2015	2015	2015-05-28	NA	2015-06-27	2015-06-04	7	2015-06-04	Yes	No	No	No	Informal Consultation	Standard	Development - Residential	development	No ARRA funding	WGS84	48.15116	-116.2164	NA	NA	NA	NA	NA	NA	NA	NA	NA	Bull Trout (Salvelinus confluentus)	 	1	0	0	0	NA	0	0	0	0	dc1f7bd1bf654d765a21d348edd8436d	None
01EIFW00-2015-I-0532	1	ID	IDAHO FISH AND WILDLIFE OFFICE	NIFO-Ponder Point LLC Bank Stablization	Army Corps of Engineers	2015	2015	2015	2015-05-28	NA	2015-06-27	2015-06-04	7	2015-06-04	Yes	No	No	No	Informal Consultation	Standard	Stream / Waterbody - Modification - Bank Stabilization / Armoring	stream / waterbody	No ARRA funding	WGS84	48.301965	-116.510998	NA	NA	NA	NA	NA	NA	NA	NA	NA	Bull Trout (Salvelinus confluentus)	 	1	0	0	0	NA	0	0	0	0	dc1f7bd1bf654d765a21d348edd8436d	None
01EIFW00-2015-I-0538	1	ID	IDAHO FISH AND WILDLIFE OFFICE	CTNF Double H Bar Outfitter and Guide Permit Renewal	Forest Service	2015	2015	2015	2015-05-15	NA	2015-06-14	2015-06-08	24	2015-06-08	Yes	No	No	No	Informal Consultation	Standard	SPECIAL USE PERMIT	special use permit	No ARRA funding	NAD83	44.055621	-111.112162	NA	NA	NA	NA	NA	NA	NA	NA	NA	Grizzly bear (Ursus arctos horribilis)	 	1	0	0	0	NA	0	0	0	0	4c8b15e0103931a435d9e4b2bde57d2f	352440bdd6df0cb8bc0af71b280a76c2
01EIFW00-2015-I-0540	1	ID	IDAHO FISH AND WILDLIFE OFFICE	NIFO-Thomas bank stabilization	Army Corps of Engineers	2015	2015	2015	2015-05-13	NA	2015-06-12	2015-06-04	22	2015-06-04	Yes	No	No	No	Informal Consultation	Standard	Stream / Waterbody - Modification - Bank Stabilization / Armoring	stream / waterbody	No ARRA funding	WGS84	48.388606	-116.460532	NA	NA	NA	NA	NA	NA	NA	NA	NA	Bull Trout (Salvelinus confluentus)	 	1	0	0	0	NA	0	0	0	0	dc1f7bd1bf654d765a21d348edd8436d	None
01EIFW00-2015-I-0541	1	ID	IDAHO FISH AND WILDLIFE OFFICE	NIFO-Hells Gate State Park Marina Entrance Sediment Sampling	Army Corps of Engineers	2015	2015	2015	2015-06-11	NA	2015-07-11	2015-06-23	12	2015-06-23	Yes	No	No	No	Informal Consultation	Standard	** OTHER **	** other **	No ARRA funding	WGS84	46.370804	-117.056019	NA	NA	NA	NA	NA	NA	NA	NA	NA	Bull Trout (Salvelinus confluentus)	 	1	0	0	0	NA	0	0	0	0	3c5f4f425954bde26f95acfb65d3aff6	None
01EIFW00-2015-I-0542	1	ID	IDAHO FISH AND WILDLIFE OFFICE	NIFO-Outfitter and Guide Permit Renewals for Whitewater Adventures and American Rivers Touring Assn	Forest Service	2015	2015	2015	2015-07-08	NA	2015-08-07	2015-07-10	2	2015-07-10	Yes	No	No	No	Informal Consultation	Standard	Special Use Permit - Recreation Event / Activities	special use permit	No ARRA funding	NAD83	46.122723	-114.935068	NA	NA	NA	NA	NA	NA	NA	NA	NA	Bull Trout (Salvelinus confluentus)	Bull Trout (Salvelinus confluentus): BO = NLAA - Concurrence Provided; CH = NLAA - Concurrence Provided	1	1	0	1	NA	0	0	0	0	75a5429a0305f61d7a38dd8e630b01e0	3c5f4f425954bde26f95acfb65d3aff6
01EIFW00-2015-I-0566	1	ID	IDAHO FISH AND WILDLIFE OFFICE	NIFO - Johnson Bar Fire Salvage	Forest Service	2015	2015	2015	2015-06-15	NA	2015-07-15	2015-07-06	21	2015-07-06	Yes	No	No	No	Informal Consultation	Standard	Forestry - Harvest	forestry	No ARRA funding	NAD83	46.096747	-115.606901	NA	NA	NA	NA	NA	NA	NA	NA	NA	Bull Trout (Salvelinus confluentus)	Bull Trout (Salvelinus confluentus): BO = NLAA - Concurrence Provided; CH = NLAA - Concurrence Provided	1	1	0	1	NA	0	0	0	0	75a5429a0305f61d7a38dd8e630b01e0	3c5f4f425954bde26f95acfb65d3aff6
01EIFW00-2015-I-0567	1	ID	IDAHO FISH AND WILDLIFE OFFICE	EIFO 15 - BLM CFO Lost River Rally Special Recreation Permit Issuance	Bureau of Land Management	2015	2015	2015	2015-06-01	NA	2015-07-01	2015-06-24	23	2015-06-24	Yes	No	No	No	Informal Consultation	Standard	SPECIAL USE PERMIT	special use permit	No ARRA funding	NAD83	44.191639	-113.711301	NA	NA	NA	NA	NA	NA	NA	NA	NA	Bull Trout (Salvelinus confluentus)	 	1	0	0	0	NA	0	0	0	0	352440bdd6df0cb8bc0af71b280a76c2	None
01EIFW00-2015-I-0579	1	ID	IDAHO FISH AND WILDLIFE OFFICE	EIFO 15 -  CTNF Grove Creek Reroute	Forest Service	2015	2015	2015	2015-06-17	NA	2015-07-17	2015-06-30	13	2015-06-30	Yes	No	No	No	Informal Consultation	Standard	LAND - RESTORATION / ENHANCEMENT	land	No ARRA funding	NAD83	43.607145	-111.204038	NA	NA	NA	NA	NA	NA	NA	NA	NA	Canada Lynx (Lynx canadensis); Grizzly bear (Ursus arctos horribilis)	 	2	0	0	0	NA	0	0	0	0	4c8b15e0103931a435d9e4b2bde57d2f	352440bdd6df0cb8bc0af71b280a76c2
01EIFW00-2015-I-0580	1	ID	IDAHO FISH AND WILDLIFE OFFICE	NIFO - US 95 Longbridge Repair Project	Federal Highway Administration	2015	2015	2015	2015-06-12	NA	2015-07-12	2015-07-01	19	2015-07-01	Yes	No	No	No	Informal Consultation	Standard	Bridge - Maintenance / Modification / Replacement / Upgrade - Federal	bridge	No ARRA funding	WGS84	48.240872	-116.539146	NA	NA	NA	NA	NA	NA	NA	NA	NA	Bull Trout (Salvelinus confluentus)	 	1	0	0	0	NA	0	0	0	0	153f483b8a35dc70c622476a91806693	None
01EIFW00-2015-I-0595	1	ID	IDAHO FISH AND WILDLIFE OFFICE	EIFO Telecommunications Tower AL157111 East 16th st	-- OTHER: CONSULTANT --	2015	2015	2015	2015-07-06	NA	2015-08-05	2015-07-09	3	2015-07-09	Yes	No	No	No	Informal Consultation	Standard	Communications Tower - New Construction	communications tower	No ARRA funding	NAD83	NA	NA	43	28	59.5	-111	59	55.7	NA	NA	NA	Bald eagle (Haliaeetus leucocephalus); Golden eagle (Aquila chrysaetos); Migratory Birds Trust Resources	 	3	0	0	0	NA	0	0	0	0	4c8b15e0103931a435d9e4b2bde57d2f	352440bdd6df0cb8bc0af71b280a76c2
01EIFW00-2015-I-0597	1	ID	IDAHO FISH AND WILDLIFE OFFICE	NIFO-Hara Bank Stabilization	Army Corps of Engineers	2015	2015	2015	2015-06-30	NA	2015-07-30	2015-07-07	7	2015-07-07	Yes	No	No	No	Informal Consultation	Standard	Stream / Waterbody - Modification - Bank Stabilization / Armoring	stream / waterbody	No ARRA funding	WGS84	48.10327	-116.44125	NA	NA	NA	NA	NA	NA	NA	NA	NA	Bull Trout (Salvelinus confluentus)	 	1	0	0	0	NA	0	0	0	0	dc1f7bd1bf654d765a21d348edd8436d	None
01EIFW00-2015-I-0606	1	ID	IDAHO FISH AND WILDLIFE OFFICE	NIFO - Hells Gate Park Marina	Army Corps of Engineers	2015	2015	2015	2015-06-25	NA	2015-07-25	2015-07-13	18	2015-07-13	Yes	No	Yes	No	Informal Consultation	Standard	Dredge / Excavation - Other	dredge / excavation	No ARRA funding	WGS84	46.370181	-117.056293	NA	NA	NA	NA	NA	NA	NA	NA	NA	Bull Trout (Salvelinus confluentus)	 	1	0	0	0	NA	0	0	0	0	3c5f4f425954bde26f95acfb65d3aff6	3c5f4f425954bde26f95acfb65d3aff6
01EIFW00-2015-I-0612	1	ID	IDAHO FISH AND WILDLIFE OFFICE	EIFO 15 - CTNF North Island Park Wildland Urban Interface Project	Forest Service	2015	2015	2015	2015-06-15	NA	2015-07-15	2015-07-14	29	2015-07-14	Yes	No	No	No	Informal Consultation	Standard	Forestry - Wildland Urban Interface (WUI)	forestry	No ARRA funding	WGS84	44.638451	-111.296112	NA	NA	NA	NA	NA	NA	NA	NA	NA	Canada Lynx (Lynx canadensis); Grizzly bear (Ursus arctos horribilis)	 	2	0	0	0	NA	0	0	0	0	352440bdd6df0cb8bc0af71b280a76c2	None
01EIFW00-2015-I-0675	1	ID	IDAHO FISH AND WILDLIFE OFFICE	EIFO 15 - COE Living Waters Ranch Buried Utility Lines	Army Corps of Engineers	2015	2015	2015	2015-07-21	NA	2015-08-20	2015-07-27	6	2015-07-27	Yes	No	No	No	Informal Consultation	Standard	Wastewater Pipeline - New Construction - Below Ground	wastewater pipeline	No ARRA funding	NAD83	44.49525	-114.300615	NA	NA	NA	NA	NA	NA	NA	NA	NA	Bull Trout (Salvelinus confluentus)	 	1	0	0	0	NA	0	0	0	0	352440bdd6df0cb8bc0af71b280a76c2	None
01EIFW00-2015-I-0676	1	ID	IDAHO FISH AND WILDLIFE OFFICE	NIFO-Top bank stabilization	Army Corps of Engineers	2015	2015	2015	2015-07-22	NA	2015-08-21	2015-07-23	1	2015-07-23	Yes	No	No	No	Informal Consultation	Standard	Stream / Waterbody - Modification - Bank Stabilization / Armoring	stream / waterbody	No ARRA funding	WGS84	48.226117	-116.700559	NA	NA	NA	NA	NA	NA	NA	NA	NA	Bull Trout (Salvelinus confluentus)	 	1	0	0	0	NA	0	0	0	0	dc1f7bd1bf654d765a21d348edd8436d	None
